City_ID,City,Lat,Lng,Max Temp,Humidity,Cloudiness,Wind Speed,Country,Date
0,bethel,41.3712,-73.414,62.65,84,0,5.39,US,1695171665
1,luorong,24.4058,109.6086,82.67,80,9,7.07,CN,1695171864
2,sakassou,7.4546,-5.2926,71.89,97,100,3.2,CI,1695171864
3,palikir - national government center,6.9248,158.1611,86.85,74,100,8.05,FM,1695171864
4,changyon,38.2508,125.0961,62.51,93,100,3.67,KP,1695171864
5,labytnangi,66.6572,66.4183,44.17,82,100,21.65,RU,1695171864
6,blackmans bay,-43.0167,147.3167,52.74,59,6,22.39,AU,1695171864
7,port mathurin,-19.6833,63.4167,73.11,83,2,21.99,MU,1695171864
8,moranbah,-22.0016,148.0466,80.89,36,2,0.65,AU,1695171864
9,ushuaia,-54.8,-68.3,37.06,81,40,11.5,AR,1695171692
10,mongo,12.1844,18.693,76.89,72,89,4.32,TD,1695171864
11,thompson,55.7435,-97.8558,62.76,82,100,2.3,CA,1695171865
12,invercargill,-46.4,168.35,74.01,38,2,21.99,NZ,1695171865
13,mont-dore,-22.2833,166.5833,80.58,99,99,8.5,NC,1695171865
14,puerto ayora,-0.7393,-90.3518,74.55,96,89,4.0,EC,1695171865
15,happy valley-goose bay,53.3168,-60.3315,50.31,76,100,8.05,CA,1695171865
16,arraial do cabo,-22.9661,-42.0278,70.5,88,0,20.22,BR,1695171772
17,nuku'alofa,-21.1333,-175.2,77.34,61,75,19.57,TO,1695171865
18,badger,64.8,-147.5333,49.98,64,75,6.91,US,1695171865
19,lihue,21.9789,-159.3672,85.24,69,20,14.97,US,1695171866
20,whitehorse,60.7161,-135.0538,51.1,62,75,3.44,CA,1695171681
21,puerto colombia,10.9878,-74.9547,84.29,84,100,9.84,CO,1695171866
22,ocean city,39.2776,-74.5746,66.99,74,0,1.01,US,1695171762
23,iqaluit,63.7506,-68.5145,33.53,80,75,0.0,CA,1695171613
24,berdigestyakh,62.0989,126.6992,38.44,51,12,4.23,RU,1695171866
25,chokwe,-24.5333,32.9833,69.85,76,0,7.23,MZ,1695171866
26,al kharijah,25.4514,30.5464,79.16,33,0,7.76,EG,1695171867
27,redencao,-4.2258,-38.7306,75.43,90,27,1.59,BR,1695171734
28,adamstown,-25.066,-130.1015,67.84,84,100,7.54,PN,1695171867
29,hamilton,39.1834,-84.5333,68.99,63,0,5.75,US,1695171867
30,albany,42.6001,-73.9662,59.65,77,0,4.0,US,1695171829
31,iturama,-19.7281,-50.1956,84.36,35,90,3.65,BR,1695171696
32,bilibino,68.0546,166.4372,37.65,56,100,3.22,RU,1695171867
33,boca suno,-0.7167,-77.1333,72.37,97,100,2.26,EC,1695171867
34,yellowknife,62.456,-114.3525,53.42,86,75,13.8,CA,1695171867
35,bonthe,7.5264,-12.505,76.6,89,52,5.23,SL,1695171867
36,polyarnyy,69.1989,33.4478,39.74,73,100,17.07,RU,1695171867
37,neryungri,56.6709,124.6491,39.79,40,66,3.76,RU,1695171868
38,port-aux-francais,-49.35,70.2167,33.48,76,99,33.62,TF,1695171868
39,hithadhoo,-0.6,73.0833,82.31,78,21,12.95,MV,1695171868
40,margaret river,-33.95,115.0667,57.92,59,100,3.36,AU,1695171868
41,georgetown,5.4112,100.3354,81.95,95,20,8.05,MY,1695171839
42,plettenberg bay,-34.0527,23.3716,56.75,76,19,12.64,ZA,1695171868
43,edinburgh of the seven seas,-37.0676,-12.3116,54.12,82,99,19.84,SH,1695171869
44,jamestown,42.097,-79.2353,56.79,77,0,5.75,US,1695171869
45,bandarbeyla,9.4942,50.8122,78.28,79,14,25.01,SO,1695171869
46,stanley,54.868,-1.6985,62.28,85,100,22.79,GB,1695171869
47,papatowai,-46.5619,169.4708,70.66,34,69,15.19,NZ,1695171869
48,beibei,29.8256,106.4339,78.37,97,100,2.04,CN,1695171869
49,aasiaat,68.7098,-52.8699,22.93,81,17,5.14,GL,1695171870
50,thunder bay,48.4001,-89.3168,57.18,88,75,10.36,CA,1695171870
51,karratha,-20.7377,116.8463,79.5,50,26,1.72,AU,1695171746
52,fort st. john,56.2499,-120.8529,51.69,62,75,3.44,CA,1695171870
53,kapuskasing,49.4169,-82.4331,55.4,62,20,2.3,CA,1695171576
54,murzuq,25.9155,13.9184,76.42,33,4,9.4,LY,1695171870
55,enniskillen,54.3461,-7.6413,60.15,96,100,13.04,GB,1695171870
56,sikasso,10.9167,-7.0,73.71,91,11,3.76,ML,1695171871
57,grytviken,-54.2811,-36.5092,16.84,82,15,10.16,GS,1695171871
58,waitangi,-43.9535,-176.5597,57.81,80,0,12.48,NZ,1695171871
59,olonkinbyen,70.9221,-8.7187,39.52,71,94,15.43,SJ,1695171871
60,marivan,35.5219,46.176,60.46,57,0,7.2,IR,1695171871
61,luderitz,-26.6481,15.1594,55.67,75,3,12.88,NA,1695171871
62,bermejo,-32.8833,-68.8,64.31,27,0,3.44,AR,1695171872
63,mana,5.6592,-53.7767,78.03,88,99,4.92,GF,1695171872
64,hermanus,-34.4187,19.2345,56.8,79,3,19.3,ZA,1695171872
65,walvis bay,-22.9575,14.5053,54.09,93,0,4.61,NA,1695171872
66,crane,31.3974,-102.3501,89.94,29,45,14.88,US,1695171872
67,rundu,-17.9333,19.7667,71.02,22,83,6.53,NA,1695171872
68,college,64.8569,-147.8028,51.08,66,93,1.01,US,1695171601
69,port lincoln,-34.7333,135.8667,62.42,57,20,20.33,AU,1695171636
70,bredasdorp,-34.5322,20.0403,53.49,74,0,18.41,ZA,1695171872
71,levanger,63.7464,11.2996,50.05,83,100,19.08,NO,1695171872
72,taulaga,-11.0553,-171.0883,81.28,78,41,23.33,AS,1695171872
73,nioki,-2.7167,17.6833,72.73,82,99,1.7,CD,1695171873
74,qaqortoq,60.7167,-46.0333,38.1,75,100,7.4,GL,1695171873
75,bakanas,44.8081,76.2772,60.04,66,100,14.88,KZ,1695171873
76,rabigh,22.7986,39.0349,86.38,63,10,11.83,SA,1695171873
77,kiruna,67.8557,20.2251,29.32,100,100,16.11,SE,1695171873
78,kindu,-2.95,25.95,69.03,97,100,2.3,CD,1695171874
79,gadzhiyevo,69.2551,33.3362,39.81,71,100,17.4,RU,1695171874
80,leksand,60.7339,15.0032,49.66,73,100,11.23,SE,1695171874
81,vilyuchinsk,52.9306,158.4028,50.27,96,100,17.27,RU,1695171874
82,belmonte,-15.8631,-38.8828,73.4,86,11,7.36,BR,1695171874
83,el molino,10.6523,-72.924,86.41,90,100,3.06,CO,1695171874
84,tolanaro,-25.0319,46.9987,71.67,88,20,18.41,MG,1695171875
85,afaahiti,-17.75,-149.2833,80.47,76,96,15.95,PF,1695171875
86,fasa,28.9383,53.6482,67.24,26,0,4.61,IR,1695171875
87,tura,25.5198,90.2201,74.14,93,100,3.56,IN,1695171875
88,al ghayzah,16.2079,52.176,79.9,89,66,4.9,YE,1695171875
89,dharmanagar,24.3667,92.1667,76.87,97,97,4.7,IN,1695171875
90,puerto madryn,-42.7692,-65.0385,43.77,59,0,11.99,AR,1695171875
91,colonia,50.9333,6.95,65.88,74,0,10.36,DE,1695171727
92,bouca,6.5105,18.2733,68.65,98,100,1.97,CF,1695171875
93,preobrazheniye,42.9019,133.9064,60.35,45,60,7.74,RU,1695171875
94,enewetak,11.3474,162.3373,79.56,81,100,7.96,MH,1695171875
95,kodiak,57.79,-152.4072,51.31,76,75,5.75,US,1695171606
96,aleg,17.0481,-13.9209,93.25,40,11,9.66,MR,1695171876
97,vernon,50.2581,-119.2691,58.6,74,78,5.75,CA,1695171876
98,maughold,54.2988,-4.3184,61.27,88,94,35.19,IM,1695171677
99,howell,42.6073,-83.9294,62.19,86,100,0.0,US,1695171779
100,fuglafjordur,62.244,-6.814,50.47,94,93,16.2,FO,1695171876
101,new norfolk,-42.7826,147.0587,53.92,56,7,16.06,AU,1695171876
102,san antonio de pale,-1.4014,5.6325,75.83,84,100,11.39,GQ,1695171876
103,ipatovo,45.7181,42.9036,59.52,59,0,7.96,RU,1695171876
104,longyearbyen,78.2186,15.6401,24.64,80,0,1.14,SJ,1695171876
105,dharchula,29.85,80.5333,69.8,92,64,1.59,IN,1695171876
106,tangalle,6.024,80.7911,75.36,96,100,9.48,LK,1695171876
107,la passe,45.5549,-0.8967,60.98,86,19,5.61,FR,1695171877
108,ilulissat,69.2167,-51.1,28.42,74,14,0.0,GL,1695171877
109,carnarvon,-24.8667,113.6333,69.19,51,5,16.31,AU,1695171877
110,ceeldheer,3.8488,47.1806,76.64,88,52,15.86,SO,1695171877
111,abepura,-2.6333,140.5833,88.61,55,20,5.75,ID,1695171877
112,klyuchi,52.2667,79.1667,54.23,82,97,4.0,RU,1695171877
113,howrah,22.5892,88.3103,80.6,89,75,9.22,IN,1695171594
114,pandan,14.0453,124.1694,86.04,70,100,3.42,PH,1695171878
115,sitka,57.0531,-135.33,58.89,67,20,17.27,US,1695171878
116,turki,51.987,43.2731,57.67,61,89,4.97,RU,1695171878
117,egilsstadir,65.2653,-14.3948,42.71,87,100,18.41,IS,1695171878
118,isafjordur,66.0755,-23.124,42.21,77,100,36.6,IS,1695171878
119,myitkyina,25.3833,97.4,75.31,99,100,0.54,MM,1695171711
120,iskateley,67.6803,53.1512,43.7,91,100,14.03,RU,1695171878
121,wailua homesteads,22.0669,-159.378,84.63,70,20,14.97,US,1695171878
122,kasama,-10.2129,31.1808,61.54,48,80,3.0,ZM,1695171878
123,vilyuysk,63.7553,121.6247,37.9,56,100,9.04,RU,1695171878
124,tiksi,71.6872,128.8694,35.11,76,92,9.01,RU,1695171878
125,nova sintra,14.8667,-24.7167,75.31,85,100,4.81,CV,1695171879
126,atafu village,-8.5421,-172.5159,81.7,78,100,11.56,TK,1695171879
127,gaoyou,32.7858,119.4278,73.45,92,100,16.82,CN,1695171879
128,vorgashor,67.5833,63.95,39.67,95,100,25.12,RU,1695171879
129,vitoria da conquista,-14.8661,-40.8394,62.38,85,0,8.21,BR,1695171678
130,ciudad lazaro cardenas,17.9583,-102.2,82.76,77,4,6.31,MX,1695171824
131,villa gesell,-37.2639,-56.973,50.05,82,100,11.86,AR,1695171803
132,kone,-21.0595,164.8658,80.91,68,63,6.15,NC,1695171879
133,utrik,11.2278,169.8474,83.79,73,68,13.56,MH,1695171879
134,tocopilla,-22.092,-70.1979,65.64,70,36,7.9,CL,1695171879
135,west island,-12.1568,96.8225,76.98,78,75,16.11,CC,1695171879
136,sola,-13.8833,167.55,84.87,79,75,6.91,VU,1695171681
137,avarua,-21.2078,-159.775,71.65,60,100,10.36,CK,1695171880
138,ancud,-41.8697,-73.8203,38.71,77,0,10.11,CL,1695171880
139,port blair,11.6667,92.75,78.84,89,75,2.3,IN,1695171880
140,juan griego,11.0817,-63.9655,86.13,66,9,12.66,VE,1695171880
141,altai,46.3722,96.2583,45.12,45,100,5.08,MN,1695171880
142,kushikino,31.7167,130.2667,81.86,72,100,3.33,JP,1695171880
143,ust-nera,64.5667,143.2,33.53,72,100,10.45,RU,1695171881
144,tazovsky,67.4667,78.7,43.7,92,100,17.76,RU,1695171881
145,port moresby,-9.4431,147.1797,80.02,83,75,4.61,PG,1695171724
146,chibougamau,49.9168,-74.3659,55.02,71,100,4.61,CA,1695171881
147,alofi,-19.0595,-169.9187,76.89,53,75,20.71,NU,1695171881
148,jayapura,-2.5333,140.7,87.19,64,10,1.81,ID,1695171645
149,robbah,33.2797,6.9098,85.64,24,96,9.91,DZ,1695171881
150,talnakh,69.4865,88.3972,40.21,92,100,21.12,RU,1695171881
151,cueramaro,20.6167,-101.7167,74.62,51,31,4.43,MX,1695171881
152,laguna,38.421,-121.4238,85.44,43,0,6.91,US,1695171882
153,ribeira grande,38.5167,-28.7,74.3,90,93,17.38,PT,1695171882
154,port elizabeth,-33.918,25.5701,61.11,84,100,1.99,ZA,1695171882
155,richfield,44.8833,-93.283,75.97,67,75,13.8,US,1695171882
156,hawaiian paradise park,19.5933,-154.9731,81.03,77,100,4.61,US,1695171882
157,taoudenni,22.6783,-3.9836,95.25,10,12,4.83,ML,1695171882
158,langepas,61.2544,75.2124,45.27,94,15,7.49,RU,1695171883
159,tejen,37.3834,60.5054,65.23,55,0,8.52,TM,1695171883
160,san carlos,9.6612,-68.5827,75.9,88,74,2.59,VE,1695171883
161,bafoulabe,13.8065,-10.8321,77.76,86,100,3.85,ML,1695171883
162,howard springs,-12.497,131.047,84.81,61,85,6.31,AU,1695171883
163,dudinka,69.4058,86.1778,40.62,90,100,26.91,RU,1695171883
164,solnechnyy,50.7214,136.6319,42.84,70,81,4.43,RU,1695171883
165,susanville,40.4163,-120.653,76.8,61,100,14.97,US,1695171883
166,saipan,15.1355,145.701,88.5,74,40,18.41,MP,1695171883
167,selfoss,63.9331,-20.9971,48.04,64,99,29.91,IS,1695171883
168,miles city,46.4083,-105.8406,67.17,30,0,8.05,US,1695171883
169,keflavik,64.0049,-22.5624,49.91,71,0,29.93,IS,1695171884
170,cabo san lucas,22.8909,-109.9124,87.76,63,0,8.99,MX,1695171594
171,valparaiso,-33.0393,-71.6273,55.04,71,0,11.5,CL,1695171606
172,aketi,2.7388,23.7833,67.6,99,91,1.05,CD,1695171884
173,rodniki,57.1051,41.7305,51.3,89,9,8.46,RU,1695171884
174,kotovo,50.3211,44.8012,61.59,55,95,2.33,RU,1695171884
175,udachny,66.4167,112.4,35.46,100,100,14.7,RU,1695171884
176,st. john's,47.5649,-52.7093,59.97,97,100,13.8,CA,1695171610
177,kingston,17.997,-76.7936,86.95,85,20,9.22,JM,1695171627
178,beyneu,45.3167,55.2,60.4,63,5,7.43,KZ,1695171884
179,arkhangel'sk,64.5401,40.5433,51.67,93,100,11.27,RU,1695171885
180,puerto natales,-51.7236,-72.4875,32.86,88,20,5.82,CL,1695171885
181,saint-pierre,-21.3393,55.4781,71.28,64,75,6.91,RE,1695171885
182,mejit,10.2753,170.8646,83.43,75,93,13.85,MH,1695171885
183,yugorsk,61.3133,63.3319,40.89,78,80,6.71,RU,1695171885
184,tamanrasset,22.785,5.5228,71.51,17,0,4.61,DZ,1695171885
185,whakatane,-37.9585,176.9854,77.88,52,21,6.51,NZ,1695171885
186,cidade velha,14.9167,-23.6167,81.07,89,20,8.05,CV,1695171885
187,pieksamaki,62.3,27.1333,51.82,86,100,13.65,FI,1695171886
188,matamey,13.4231,8.4749,82.96,56,29,7.63,NE,1695171886
189,lebu,-37.6167,-73.65,48.9,75,100,16.53,CL,1695171886
190,shahecheng,36.9383,114.5058,67.68,58,7,6.02,CN,1695171886
191,gaalkacyo,6.7697,47.4308,76.48,68,100,15.88,SO,1695171886
192,pemba,-12.974,40.5178,76.15,80,10,4.45,MZ,1695171886
193,taroudant,30.4703,-8.877,64.42,84,0,0.38,MA,1695171783
194,pervomayskoye,43.919,46.7102,60.21,85,0,9.78,RU,1695171886
195,poronaysk,49.2167,143.1167,53.2,63,81,11.95,RU,1695171654
196,uturoa,-16.7333,-151.4333,76.1,73,91,20.31,PF,1695171886
197,safi,32.1667,-8.8333,63.82,77,0,6.13,MA,1695171887
198,dangriga,16.9692,-88.2321,82.71,77,19,6.53,BZ,1695171887
199,quepos,9.4236,-84.1652,76.84,92,100,5.88,CR,1695171670
200,san pedro pochutla,15.7333,-96.4667,78.51,82,9,1.41,MX,1695171887
201,oxford,51.7522,-1.256,64.06,89,100,20.71,GB,1695171728
202,valdivia,-39.8142,-73.2459,50.09,90,14,2.98,CL,1695171607
203,palora,-1.7,-77.9333,64.92,93,13,3.49,EC,1695171887
204,tafuna,-14.3358,-170.72,78.93,69,100,23.38,AS,1695171887
205,hosur,12.7167,77.8167,69.71,94,100,9.31,IN,1695171887
206,borger,52.9233,6.7931,63.03,87,100,20.33,NL,1695171888
207,luanda,-8.8368,13.2343,71.6,94,20,2.3,AO,1695171888
208,cuero,29.0939,-97.2892,85.44,60,0,5.99,US,1695171888
209,kargasok,59.0556,80.8572,48.9,95,37,6.82,RU,1695171888
210,laojunmiao,39.8333,97.7333,59.34,29,0,2.39,CN,1695171888
211,constantia,44.1833,28.65,61.7,67,95,7.29,RO,1695171888
212,masterton,-40.9597,175.6575,58.89,51,71,8.21,NZ,1695171747
213,vila velha,-20.3297,-40.2925,75.15,85,40,9.22,BR,1695171888
214,kristiansund,63.1115,7.732,53.65,87,100,13.8,NO,1695171888
215,franklin,39.9667,-83.0166,65.55,73,75,4.61,US,1695171888
216,san benito,36.6166,-121.0844,64.51,57,0,7.54,US,1695171888
217,norwich,52.6278,1.2983,64.58,81,100,14.97,GB,1695171380
218,dolbeau-mistassini,48.8763,-72.212,57.85,96,100,7.14,CA,1695171888
219,launceston,-41.45,147.1667,54.81,50,40,26.46,AU,1695171889
220,lorengau,-2.0226,147.2712,84.79,72,100,10.18,PG,1695171889
221,khandyga,62.6667,135.6,36.86,62,5,7.14,RU,1695171889
222,east london,-33.0153,27.9116,61.92,85,100,13.58,ZA,1695171889
223,portage la prairie,49.9728,-98.2926,75.29,49,0,9.22,CA,1695171632
224,fethiye,36.6217,29.1164,69.67,41,0,4.61,TR,1695171889
225,vallegrande,-18.4897,-64.1069,54.73,92,12,4.38,BO,1695171890
226,shinas,24.7433,56.4658,89.85,74,100,3.13,OM,1695171890
227,cruzeiro do sul,-29.5128,-51.9853,69.51,93,48,2.37,BR,1695171881
228,lodwar,3.1191,35.5973,82.11,56,100,7.16,KE,1695171890
229,mariel,22.9875,-82.7536,82.54,75,84,5.19,CU,1695171890
230,chateau-thierry,49.05,3.4,63.23,84,87,10.76,FR,1695171890
231,ghormach,35.7306,63.7826,62.33,30,0,5.5,AF,1695171890
232,mossel bay,-34.1831,22.146,57.13,84,72,21.77,ZA,1695171890
233,queenstown,-31.8976,26.8753,53.83,15,63,6.89,ZA,1695171890
234,fortuna,40.5982,-124.1573,63.93,71,0,12.66,US,1695171891
235,cherdyn',60.403,56.4787,37.99,88,100,6.04,RU,1695171891
236,hirara,24.8,125.2833,86.27,79,40,4.61,JP,1695171891
237,lazaro cardenas,17.9583,-102.2,82.76,77,4,6.31,MX,1695171891
238,xilin hot,43.9667,116.0333,57.15,43,8,4.52,CN,1695171891
239,n'dalatando,-9.2978,14.9116,66.78,81,33,4.79,AO,1695171891
240,uzgen,40.7699,73.3007,68.29,34,100,3.76,KG,1695171657
241,bardai,11.65,7.2333,71.58,77,24,4.23,NG,1695171892
242,gaigeturi,33.4644,126.3183,82.45,57,100,2.3,KR,1695171892
243,antalaha,-14.9003,50.2788,70.97,84,74,5.68,MG,1695171892
244,biograd na moru,43.9433,15.4519,68.76,73,5,3.78,HR,1695171892
245,kailua-kona,19.6406,-155.9956,86.5,76,40,10.36,US,1695171892
246,wuyang,31.9925,116.2472,68.68,91,100,10.74,CN,1695171892
247,urengoy,65.9667,78.3667,46.11,91,100,15.01,RU,1695171893
248,anadyr,64.75,177.4833,43.3,65,0,6.71,RU,1695171893
249,kabompo,-13.5927,24.2008,63.97,36,13,4.83,ZM,1695171893
250,petropavlovsk-kamchatsky,53.0452,158.6483,48.79,100,100,11.18,RU,1695171893
251,midvagur,62.0511,-7.1939,50.83,76,40,6.91,FO,1695171893
252,tonj,7.2737,28.6822,71.28,95,100,3.67,SS,1695171893
253,saint-philippe,-21.3585,55.7679,71.19,80,40,12.06,RE,1695171893
254,basco,20.4487,121.9702,84.04,75,25,11.18,PH,1695171894
255,aleksandrovsk-sakhalinskiy,50.8975,142.1561,44.44,88,100,21.68,RU,1695171894
256,puerto deseado,-47.7503,-65.8938,37.38,61,68,9.48,AR,1695171894
257,aleksandrovsk,59.158,57.5624,32.79,94,67,4.74,RU,1695171894
258,barcelos,41.5388,-8.6151,63.84,90,27,1.68,PT,1695171894
259,la villa del rosario,10.3258,-72.3134,77.58,84,100,8.01,VE,1695171894
260,anloga,5.7947,0.8973,77.58,89,100,10.25,GH,1695171894
261,aykhal,66.0,111.5,33.22,98,100,18.9,RU,1695171894
262,cozumel,20.5083,-86.9458,85.95,88,40,4.0,MX,1695171769
263,lospalos,-8.5186,127.0025,77.81,58,10,11.63,TL,1695171894
264,antsiranana,-12.2787,49.2917,72.95,84,37,12.84,MG,1695171895
265,magadan,59.5667,150.8,45.54,89,100,28.88,RU,1695171895
266,ta`u,-14.2336,-169.5144,78.75,67,100,23.71,AS,1695171895
267,songea,-10.6833,35.65,61.47,51,5,3.8,TZ,1695171895
268,ust'-kulom,61.6864,53.6902,42.22,79,100,8.16,RU,1695171895
269,bomdila,27.25,92.4,59.23,81,97,1.34,IN,1695171895
270,weno,7.4515,151.8468,82.36,78,100,10.51,FM,1695171895
271,bayanaul,50.7889,75.6956,56.84,56,100,2.75,KZ,1695171895
272,kununurra,-15.7667,128.7333,84.18,54,48,6.91,AU,1695171896
273,fort bragg,35.139,-79.006,72.91,71,85,3.96,US,1695171896
274,inari,68.906,27.0288,32.2,89,100,17.94,FI,1695171896
275,kamaishi,39.2667,141.8833,78.82,67,100,4.76,JP,1695171896
276,cascais,38.6979,-9.4215,65.93,81,7,20.0,PT,1695171896
277,celestun,20.8667,-90.4,81.7,79,62,8.1,MX,1695171896
278,medicine hat,50.0501,-110.6683,63.59,36,100,5.75,CA,1695171662
279,kapa'a,22.0752,-159.319,85.98,69,20,14.97,US,1695171897
280,kalemie,-5.9475,29.1947,72.14,76,58,4.85,CD,1695171897
281,golub-dobrzyn,53.1109,19.0538,55.74,87,62,8.46,PL,1695171897
282,vadso,70.0744,29.7487,40.08,81,100,11.5,NO,1695171800
283,veinticinco de mayo,-35.4323,-60.1727,49.98,82,100,5.01,AR,1695171897
284,san patricio,28.017,-97.5169,85.86,52,0,12.1,US,1695171897
285,kaa-khem,51.6833,94.7333,53.49,60,92,1.99,RU,1695171897
286,kourou,5.1552,-52.6478,77.05,91,100,2.95,GF,1695171897
287,codrington,-38.2667,141.9667,52.77,68,100,16.93,AU,1695171897
288,praia da vitoria,38.7333,-27.0667,73.76,88,20,14.63,PT,1695171897
289,yaransk,57.3033,47.8861,41.2,85,27,7.81,RU,1695171898
290,mateur,37.0405,9.6656,76.62,75,100,2.82,TN,1695171898
291,pangai,-19.8,-174.35,77.11,69,75,17.27,TO,1695171898
292,seward,40.907,-97.0989,80.15,52,100,5.01,US,1695171624
293,pedro juan caballero,-22.5472,-55.7333,77.05,55,99,4.65,PY,1695171898
294,noosa heads,-26.3833,153.15,79.34,69,2,6.4,AU,1695171898
295,shadegan,30.6497,48.6647,75.15,14,0,8.12,IR,1695171898
296,kerikeri,-35.2268,173.9474,71.46,42,7,4.34,NZ,1695171898
297,callao,-12.0667,-77.15,68.72,77,100,11.5,PE,1695171631
298,kattivakkam,13.2167,80.3167,82.49,84,100,11.5,IN,1695171899
299,kyzyl-mazhalyk,51.1333,90.6,51.26,70,100,1.1,RU,1695171899
300,la sarre,48.8002,-79.1996,44.96,77,0,1.88,CA,1695171899
301,katsuren-haebaru,26.3369,127.8719,88.57,77,75,5.75,JP,1695171899
302,rongelap,11.1635,166.8941,82.76,81,97,10.65,MH,1695171899
303,haiku-pauwela,20.9219,-156.3051,86.02,56,40,24.16,US,1695171899
304,repalle,16.0167,80.85,82.02,89,100,1.5,IN,1695171899
305,timbuktu,16.7735,-3.0074,95.85,25,15,5.39,ML,1695171658
306,sinaloa de leyva,25.8333,-108.2333,89.15,56,0,8.37,MX,1695171900
307,igarka,67.4667,86.5833,41.97,84,100,22.46,RU,1695171900
308,punta arenas,-53.15,-70.9167,39.31,70,40,17.27,CL,1695171900
309,'ali al gharbi,32.4633,46.6864,85.71,15,0,11.61,IQ,1695171900
310,rikaze,29.25,88.8833,48.42,80,96,4.23,CN,1695171900
311,camana,-16.6228,-72.7111,65.89,84,2,5.95,PE,1695171900
312,lhuentse,27.6679,91.1839,70.09,81,13,0.31,BT,1695171900
313,palu,-0.8917,119.8707,83.7,77,91,1.16,ID,1695171863
314,brainerd,46.358,-94.2008,73.65,73,20,0.0,US,1695171901
315,sinabang,2.4803,96.3801,75.87,96,100,16.37,ID,1695171901
316,ust-tsilma,65.441,52.1498,43.36,81,100,9.24,RU,1695171901
317,tadmur,34.5608,38.2805,74.23,44,0,4.83,SY,1695171902
318,tchintabaraden,15.8969,5.7985,86.95,46,19,8.25,NE,1695171902
319,gonabad,34.3529,58.6837,63.32,28,0,12.48,IR,1695171902
320,port augusta,-32.5,137.7667,69.01,49,0,13.33,AU,1695171902
321,flin flon,54.7682,-101.865,60.66,49,97,4.94,CA,1695171761
322,ust'-ilimsk,58.0006,102.6619,45.37,87,46,2.04,RU,1695171902
323,nar'yan-mar,67.6713,53.087,43.75,91,100,14.0,RU,1695171902
324,fale old settlement,-9.3852,-171.2468,83.35,76,100,19.46,TK,1695171902
325,baganga,7.5739,126.56,84.7,73,96,2.33,PH,1695171903
326,kaseda-shirakame,31.4167,130.3167,82.38,73,100,2.19,JP,1695171903
327,newman,37.3138,-121.0208,86.05,68,0,4.0,US,1695171903
328,yanbu,24.0891,38.0637,86.04,51,0,4.61,SA,1695171903
329,porto novo,6.4965,2.6036,78.62,93,100,5.41,BJ,1695171903
330,chipinge,-20.1883,32.6236,59.92,66,0,2.71,ZW,1695171903
331,faya-largeau,17.9257,19.1043,87.1,17,7,12.3,TD,1695171741
332,nuuk,64.1835,-51.7216,36.21,80,75,5.75,GL,1695171904
333,porbandar,21.6422,69.6093,81.27,84,100,13.22,IN,1695171904
334,olinda,-8.0089,-34.8553,80.33,74,75,12.66,BR,1695171904
335,port alfred,-33.5906,26.891,59.18,93,100,4.0,ZA,1695171904
336,dauphin,51.1494,-100.0502,69.94,60,0,6.91,CA,1695171778
337,coquimbo,-29.9533,-71.3436,56.93,88,75,6.91,CL,1695171904
338,sisimiut,66.9395,-53.6735,35.4,69,5,6.71,GL,1695171904
339,sa kaeo,13.75,102.3333,80.85,84,31,0.45,TH,1695171904
340,agryz,56.5203,52.9942,39.76,77,73,3.09,RU,1695171905
341,flying fish cove,-10.4217,105.6791,78.48,78,75,14.97,CX,1695171905
342,rijau,11.103,5.2507,72.12,91,11,4.12,NG,1695171905
343,ladysmith,48.9829,-123.8194,58.37,98,100,1.32,CA,1695171610
344,portland,45.5234,-122.6762,72.52,47,14,5.01,US,1695171604
345,undurkhaan,47.3194,110.6556,55.94,43,46,8.3,MN,1695171905
346,wanning,18.8003,110.3967,84.9,76,7,1.72,CN,1695171905
347,zaigrayevo,51.8336,108.2703,57.2,57,64,2.06,RU,1695171905
348,brooks,50.5834,-111.8851,60.78,48,100,3.44,CA,1695171723
349,imbituba,-28.24,-48.6703,72.86,97,100,9.8,BR,1695171906
350,kenora,49.8167,-94.4337,70.77,60,40,6.91,CA,1695171906
351,luz,-19.8014,-45.6856,76.33,31,5,1.86,BR,1695171713
352,jabor,5.921,169.6434,84.04,71,92,3.47,MH,1695171906
353,eura,61.1333,22.1333,51.58,96,100,8.01,FI,1695171906
354,riviere-du-loup,47.8304,-69.5342,52.68,100,100,12.66,CA,1695171906
355,itoman,26.1247,127.6694,88.57,74,40,5.75,JP,1695171906
356,konarka,19.9,86.1167,79.2,82,100,6.15,IN,1695171907
357,lima,-12.0432,-77.0282,66.9,82,100,11.5,PE,1695171684
358,nemuro,43.3236,145.575,67.08,75,100,14.03,JP,1695171907
359,minas de marcona,-15.2119,-75.1103,57.97,83,31,10.29,PE,1695171907
360,trairi,-3.2778,-39.2689,79.03,79,5,10.18,BR,1695171645
361,sao jose da coroa grande,-8.8978,-35.1478,75.27,85,3,9.51,BR,1695171907
362,santana,-0.0583,-51.1817,86.18,70,40,11.5,BR,1695171907
363,sallisaw,35.4604,-94.7875,71.56,80,40,10.36,US,1695171907
364,agara,42.0376,43.8238,53.56,79,5,9.37,GE,1695171907
365,tralee,52.2704,-9.7026,60.53,93,100,18.68,IE,1695171907
366,er regueb,34.8593,9.7865,79.72,47,79,5.37,TN,1695171907
367,fort mcmurray,56.7268,-111.381,65.79,36,0,4.61,CA,1695171908
368,agat village,13.3886,144.6585,88.74,85,75,9.22,GU,1695171908
369,lerwick,60.1545,-1.1494,51.8,82,100,8.5,GB,1695171908
370,maralal,1.0968,36.698,62.01,72,98,3.49,KE,1695171908
371,san clemente del tuyu,-36.3569,-56.7235,52.99,83,100,16.67,AR,1695171909
372,mary,37.0,62.5,62.89,56,0,7.2,TM,1695171909
373,turiacu,-1.6633,-45.3717,75.67,93,4,4.38,BR,1695171697
374,hadibu,12.65,54.0333,79.29,83,32,15.23,YE,1695171909
375,la ronge,55.1001,-105.2842,62.85,36,75,6.91,CA,1695171909
376,tevriz,57.509,72.4042,47.89,98,28,4.03,RU,1695171909
377,chardara,41.2547,67.9692,65.52,50,56,4.25,KZ,1695171909
378,broken hill,-31.95,141.4333,73.08,29,0,12.77,AU,1695171910
379,kotel'nich,58.3089,48.348,40.15,84,39,6.46,RU,1695171910
380,buochs,46.974,8.4228,62.46,90,75,3.44,CH,1695171910
381,severo-yeniseyskiy,60.3725,93.0408,39.15,79,32,2.62,RU,1695171910
382,kamyzyak,46.11,48.0736,55.38,94,2,2.24,RU,1695171910
383,north logan,41.7694,-111.8047,74.68,50,75,4.61,US,1695171910
384,remire-montjoly,4.9167,-52.2667,77.04,94,0,2.3,GF,1695171910
385,camocim,-2.9022,-40.8411,79.48,79,23,15.1,BR,1695171911
386,surgut,61.25,73.4167,48.9,100,0,6.71,RU,1695171911
387,san fernando de apure,7.8878,-67.4724,76.33,90,11,2.55,VE,1695171911
388,morondava,-20.2833,44.2833,75.65,86,2,7.4,MG,1695171911
389,syumsi,57.1111,51.6149,40.44,79,38,4.43,RU,1695171911
390,crucecita,-28.95,-58.9833,58.84,91,100,5.19,AR,1695171911
391,antonio enes,-16.2325,39.9086,72.59,88,4,1.57,MZ,1695171741
392,waukee,41.6117,-93.8852,66.11,60,97,7.23,US,1695171755
393,funadhoo,6.15,73.2667,82.56,70,100,3.53,MV,1695171911
394,mokhsogollokh,61.4681,128.9203,39.04,50,0,3.85,RU,1695171912
395,hilo,19.7297,-155.09,85.28,70,100,4.61,US,1695171912
396,shar'ya,58.3686,45.5144,46.13,78,57,7.99,RU,1695171912
397,kiunga,-6.1219,141.2906,86.14,59,60,3.6,PG,1695171912
398,ondjiva,-17.0667,15.7333,71.64,16,0,4.61,AO,1695171912
399,mogadishu,2.0371,45.3438,77.45,87,100,14.27,SO,1695171676
400,capitao poco,-1.7464,-47.0594,73.78,90,15,4.74,BR,1695171912
401,kruisfontein,-34.0033,24.7314,58.89,83,100,7.09,ZA,1695171912
402,severodvinsk,64.5635,39.8302,52.54,91,100,16.17,RU,1695171913
403,pacific grove,36.6177,-121.9166,69.69,81,40,9.22,US,1695171913
404,porangatu,-13.4408,-49.1486,84.88,25,35,2.19,BR,1695171913
405,mil'kovo,55.6078,37.7956,59.41,65,12,9.44,RU,1695171913
406,camapua,-19.5314,-54.0439,82.78,43,38,4.92,BR,1695171913
407,chimore,-16.9833,-65.1333,73.6,90,100,1.99,BO,1695171913
408,salekhard,66.53,66.6019,44.01,83,100,21.85,RU,1695171913
409,zouerate,22.7187,-12.4521,85.66,33,9,15.9,MR,1695171914
410,eureka,40.8021,-124.1637,64.2,77,1,4.0,US,1695171914
411,mizhou,35.9947,119.3975,70.23,76,71,18.61,CN,1695171631
412,mount isa,-20.7333,139.5,89.37,29,6,6.91,AU,1695171914
413,dapa,9.7594,126.0531,83.53,74,14,2.39,PH,1695171914
414,tucurui,-3.7661,-49.6725,85.12,49,87,3.76,BR,1695171893
415,inirida,3.8653,-67.9239,75.34,95,97,3.0,CO,1695171635
416,yuncos,40.0909,-3.8879,69.44,52,4,3.62,ES,1695171914
417,paradip garh,20.3167,86.6167,81.25,84,98,3.83,IN,1695171914
418,belokurikha,51.9959,84.9896,50.61,82,5,4.47,RU,1695171915
419,aoulef,26.9667,1.0833,92.52,9,31,6.55,DZ,1695171915
420,sangueya,10.7,-14.3667,74.3,97,100,4.14,GN,1695171915
421,dowlatabad,32.7998,51.6955,56.88,41,0,4.61,IR,1695171739
422,sao joao da barra,-21.6403,-41.0511,75.29,83,0,20.18,BR,1695171915
423,sainte-anne-des-plaines,45.7647,-73.8116,62.22,71,91,6.58,CA,1695171915
424,al wajh,26.2455,36.4525,78.75,78,0,3.44,SA,1695171740
425,kuta,-8.7233,115.1723,78.75,88,40,5.99,ID,1695171791
426,dompu,-8.5356,118.4622,84.24,52,24,5.35,ID,1695171915
427,gulf shores,30.246,-87.7008,81.0,66,4,8.37,US,1695171843
428,roghun,38.7826,69.8708,57.43,48,64,1.68,TJ,1695171915
429,holualoa,19.6228,-155.9522,82.78,76,40,10.36,US,1695171916
430,suncho corral,-27.9336,-63.4294,60.28,68,3,8.37,AR,1695171916
431,lupao,15.8793,120.8983,82.94,77,20,2.75,PH,1695171916
432,guerrero negro,27.9769,-114.0611,69.94,70,6,17.96,MX,1695171916
433,kupang,-10.1667,123.5833,86.58,42,20,8.05,ID,1695171916
434,thinadhoo,0.5333,72.9333,82.47,77,93,13.51,MV,1695171836
435,kavaratti,10.5669,72.642,81.55,78,100,8.9,IN,1695171916
436,nishinoomote,30.7333,131.0,84.76,89,75,5.75,JP,1695171916
437,tarauaca,-8.1614,-70.7656,72.79,90,100,2.51,BR,1695171916
438,shalqar,47.8333,59.6,57.4,66,1,8.61,KZ,1695171917
439,cannonvale,-20.2833,148.7,76.39,67,15,6.58,AU,1695171917
440,pyetrykaw,52.1289,28.4921,58.84,84,100,10.16,BY,1695171917
441,yuzhno-kurilsk,44.0306,145.8556,68.0,64,100,10.42,RU,1695171917
442,vila franca do campo,37.7167,-25.4333,72.01,99,100,11.61,PT,1695171917
443,port saint john's,-31.6229,29.5448,64.36,88,0,6.8,ZA,1695171917
444,fuxin,42.0156,121.6589,65.3,50,2,9.24,CN,1695171917
445,reedsburg,43.5325,-90.0026,66.18,81,0,4.61,US,1695171917
446,kemise,10.7167,39.8667,70.34,63,99,5.5,ET,1695171918
447,ust'-uda,54.1742,103.0304,55.83,64,60,0.31,RU,1695171918
448,yeniseysk,58.4497,92.1703,45.95,83,67,1.99,RU,1695171918
449,nikolayevsk-on-amure,53.1406,140.73,41.47,73,100,17.4,RU,1695171918
450,novozavidovskiy,56.55,36.4333,57.52,61,0,10.22,RU,1695171918
451,bothaville,-27.3887,26.617,50.77,69,0,5.39,ZA,1695171918
452,asaita,11.5636,41.4394,90.36,36,71,6.38,ET,1695171918
453,sao jose da tapera,-9.5583,-37.3811,69.57,97,35,3.91,BR,1695171918
454,hotan,37.0997,79.9269,66.47,31,65,5.77,CN,1695171919
455,las lomitas,-24.7096,-60.593,68.86,65,4,7.11,AR,1695171919
456,ornskoldsvik,63.2909,18.7153,50.95,81,100,14.97,SE,1695171919
457,nyurba,63.2842,118.3319,34.43,98,100,4.18,RU,1695171919
458,cabrobo,-8.5142,-39.31,75.88,70,0,17.27,BR,1695171704
459,pisco,-13.7,-76.2167,64.45,88,40,12.66,PE,1695171919
460,nagato,34.3833,131.2,78.73,83,100,4.72,JP,1695171919
461,tarakan,3.3,117.6333,76.5,100,75,4.61,ID,1695171919
462,olavarria,-36.8927,-60.3225,46.18,72,100,10.31,AR,1695171919
463,bushehr,28.9684,50.8385,87.89,70,0,4.61,IR,1695171919
464,lata,40.1629,-8.3327,56.91,91,19,1.99,PT,1695171920
465,puerto carreno,6.189,-67.4859,78.44,78,18,2.44,CO,1695171920
466,pathein,16.7833,94.7333,78.33,94,100,5.77,MM,1695171920
467,akureyri,65.6835,-18.0878,44.53,76,100,13.8,IS,1695171920
468,novaya igirma,57.1334,103.9112,50.27,85,39,2.66,RU,1695171920
469,jihlava,49.3961,15.5912,55.11,87,100,4.76,CZ,1695171921
470,hammerfest,70.6634,23.6821,39.65,81,40,18.41,NO,1695171921
471,hinton,53.4001,-117.5857,49.91,60,100,5.95,CA,1695171815
472,bereznik,62.8551,42.7072,50.9,89,96,9.82,RU,1695171921
473,pingzhuang,42.0372,119.2889,63.86,37,0,7.47,CN,1695171921
474,namibe,-15.1961,12.1522,61.86,90,42,8.08,AO,1695171921
475,salalah,17.0151,54.0924,80.69,94,75,6.91,OM,1695171921
476,wajir,1.7471,40.0573,75.61,64,19,14.99,KE,1695171745
477,miguel ahumada,30.6167,-106.5167,86.99,25,4,7.16,MX,1695171921
478,molchanovo,57.5817,83.7692,50.4,91,93,3.74,RU,1695171921
479,mount gambier,-37.8333,140.7667,53.04,63,100,11.88,AU,1695171922
480,hami,42.8,93.45,67.28,20,4,4.25,CN,1695171922
481,orange walk,17.8333,-88.8333,79.27,82,7,5.01,BZ,1695171922
482,tazacorte,28.629,-17.9293,70.77,83,75,9.22,ES,1695171922
483,kurchum,48.5722,83.6542,58.24,48,100,4.63,KZ,1695171923
484,dhamar,14.5427,44.4051,63.3,46,12,5.7,YE,1695171923
485,tukrah,32.5341,20.5791,73.36,69,0,4.92,LY,1695171923
486,zapolyarnyy,69.4154,30.8136,38.48,82,100,17.43,RU,1695171923
487,tambo,-14.8,-73.9167,39.13,54,80,3.11,PE,1695171923
488,bondoukou,8.0333,-2.8,72.14,95,100,1.41,CI,1695171923
489,daye,30.0833,114.95,73.4,90,100,8.7,CN,1695171924
490,at taj,24.2049,23.2857,74.57,38,0,9.55,LY,1695171924
491,dolinsk,47.35,142.8,53.42,81,98,12.82,RU,1695171924
492,miquelon,47.0975,-56.3814,64.4,97,100,27.51,PM,1695171924
493,malanje,-9.5402,16.341,68.31,73,13,5.03,AO,1695171924
494,toliara,-23.35,43.6667,71.19,76,0,2.93,MG,1695171924
495,kismayo,-0.3582,42.5454,77.09,82,55,12.77,SO,1695171924
496,khorinsk,52.1657,109.7726,55.4,55,79,3.04,RU,1695171925
497,mata-utu,-13.2816,-176.1745,80.37,76,29,25.41,WF,1695171925
498,figeac,44.75,1.9167,55.09,71,0,3.36,FR,1695171925
499,skanor med falsterbo,55.4,12.85,64.38,85,100,31.23,SE,1695171925
500,coxim,-18.5067,-54.76,90.82,31,99,2.86,BR,1695171925
501,smithers,54.7804,-127.1743,52.12,71,40,4.61,CA,1695171925
502,pandharpur,17.6667,75.3333,74.89,81,78,8.81,IN,1695171925
503,harrisonville,38.6533,-94.3488,75.29,60,100,0.0,US,1695171925
504,governador dix sept rosado,-5.4589,-37.5208,79.61,66,2,12.91,BR,1695171925
505,ivancna gorica,45.9383,14.8044,62.69,99,16,0.6,SI,1695171926
506,prince rupert,54.3161,-130.3201,53.69,91,75,14.97,CA,1695171628
507,sao tome,0.3365,6.7273,78.84,94,75,6.91,ST,1695171926
508,mahbubnagar,16.7333,77.9833,73.78,84,92,5.99,IN,1695171927
509,khovd,48.0056,91.6419,50.81,46,0,3.49,MN,1695171927
510,amga,60.8953,131.9608,37.54,58,7,7.18,RU,1695171927
511,digne-les-bains,44.0833,6.25,57.63,78,100,2.08,FR,1695171927
512,rawai,7.7797,98.3253,85.98,72,89,8.32,TH,1695171927
513,pitiquito,30.7,-112.0833,92.05,20,0,15.93,MX,1695171927
514,nyakahanga,-1.6033,31.1414,60.24,86,8,2.06,TZ,1695171927
515,touros,-5.1989,-35.4608,75.85,89,47,13.29,BR,1695171927
516,owando,-0.4819,15.8999,73.49,84,82,0.98,CG,1695171927
517,yambio,4.5721,28.3955,67.68,97,100,3.06,SS,1695171928
518,zhosaly,45.4878,64.0781,60.33,65,10,11.83,KZ,1695171928
519,ambon,-3.6954,128.1814,80.74,78,40,5.75,ID,1695171928
520,ghadamis,30.1337,9.5007,79.97,27,51,12.68,LY,1695171928
521,quixada,-4.9714,-39.0153,80.67,56,26,5.37,BR,1695171750
522,platteville,42.7342,-90.4785,68.86,79,40,6.91,US,1695171928
523,luena,-11.7833,19.9167,71.78,60,0,6.91,AO,1695171928
524,cox's bazar,21.4532,91.9798,79.56,87,100,18.01,BD,1695171928
525,sungai penuh,-2.0833,101.3833,69.58,89,62,1.5,ID,1695171928
526,el jadid,33.2549,-8.506,69.6,74,0,9.15,MA,1695171670
527,alice springs,-23.7,133.8833,87.35,12,54,11.5,AU,1695171929
528,warrenton,-28.114,24.8475,47.3,19,90,1.14,ZA,1695171929
529,paita,-5.0892,-81.1144,68.43,85,47,14.12,PE,1695171929
530,matane,48.8286,-67.522,53.17,96,100,25.21,CA,1695171794
531,conceicao do araguaia,-8.2578,-49.2647,88.52,30,85,3.06,BR,1695171929
532,aripuana,-9.1667,-60.6333,78.17,67,11,2.33,BR,1695171929
533,evanston,42.0411,-87.6901,65.1,85,100,5.01,US,1695171930
534,wau,7.7029,27.9953,72.05,91,100,3.53,SS,1695171930
535,puerto baquerizo moreno,-0.9,-89.6,74.39,88,40,11.5,EC,1695171758
536,bulgan,48.8125,103.5347,48.76,67,7,2.48,MN,1695171930
537,joacaba,-27.1781,-51.5047,66.56,99,81,3.62,BR,1695171930
538,yulinshi,38.2906,109.7494,64.65,31,100,4.14,CN,1695171930
539,chonchi,-42.6128,-73.8092,40.12,88,0,2.84,CL,1695171930
540,concepcion,-36.827,-73.0498,53.4,71,0,10.36,CL,1695171930
541,same,-4.0667,37.7333,65.73,88,0,1.68,TZ,1695171930
542,robertsport,6.7533,-11.3686,77.54,86,72,3.6,LR,1695171930
543,dzuunmod,48.2199,97.3744,45.36,50,100,4.32,MN,1695171931
544,arno,60.1167,18.6333,54.79,90,100,12.37,SE,1695171931
545,sovetskaya gavan',48.9723,140.2878,49.42,66,100,16.26,RU,1695171931
546,bayji,34.9311,43.487,82.58,22,0,8.81,IQ,1695171931
547,buala,-8.145,159.5921,84.2,75,70,11.45,SB,1695171931
548,kiffa,16.6166,-11.4045,92.57,41,10,11.65,MR,1695171931
549,andergrove,-21.0833,149.1833,84.65,67,13,5.46,AU,1695171931
550,chamical,-30.36,-66.314,61.59,38,0,5.23,AR,1695171931
551,mili,6.0815,171.735,83.1,76,100,5.97,MH,1695171932
552,rio grande,-32.035,-52.0986,64.51,97,100,18.1,BR,1695171705
553,san borja,-14.8167,-66.85,73.83,90,100,2.89,BO,1695171932
554,quellon,-43.1167,-73.6167,40.51,72,1,11.5,CL,1695171932
555,naxos,37.1056,25.3764,73.31,75,2,17.0,GR,1695171932
556,burang,30.25,81.1667,46.27,81,77,1.63,CN,1695171932
557,ono,34.85,134.9333,84.81,68,100,5.3,JP,1695171932
558,waddan,29.1614,16.139,72.82,63,31,6.29,LY,1695171932
559,tauranga,-37.6861,176.1667,73.15,58,10,5.99,NZ,1695171661
560,louis trichardt,-23.0439,29.9032,64.29,57,41,3.71,ZA,1695171933
